final_segment,primary_perk,alternative_test_perk,communication_focus,message_example,call_to_action,success_kpi,guardrail,customer_count,customer_share_pct
Regular Package Travelers,Free Hotel Night with Package Booking,Loyalty Points Multiplier,Mehrwert kombinierter Flug- und Hotelbuchungen,Flug und Hotel gemeinsam buchen und mehr erhalten: Sichere dir eine kostenlose Hotelnacht für deine nächste Paketbuchung.,Paketreise planen,Wiederholte Paketbuchungsrate,Kosten der Hotelnacht pro zusätzlicher Paketbuchung,1617,28.111961057023642
Discount-Responsive Travelers,Exclusive Travel Discount,Loyalty Points Multiplier,Exklusiven Preisvorteil hervorheben,Nur für dich: Spare mit einem exklusiven Rabatt bei deiner nächsten Reisebuchung.,Rabatt nutzen,Inkrementelle Buchungsrate nach Rabattangebot,Deckungsbeitrag nach Rabatt,868,15.090403337969402
Baggage-Intensive Flyers,Free Checked Bag,Exclusive Flight Discount,Bequem reisen ohne zusätzliche Gepäckkosten,"Mehr mitnehmen, entspannter reisen: Bei deiner nächsten Flugbuchung ist ein Aufgabegepäckstück inklusive.",Flug mit Gepäck buchen,Erneute Flugbuchungsrate,Gepäckkosten pro zusätzlicher Flugbuchung,789,13.716968011126566
Low-Conversion Browsers,First Booking Incentive,Exclusive Travel Discount,Buchungshürde durch Einstiegsanreiz reduzieren,Aus Reisesuche wird Vorfreude: Nutze deinen persönlichen Buchungsanreiz und plane jetzt deine nächste Reise.,Reise jetzt buchen,Conversion von der Suche zur Buchung,Anreizkosten pro zusätzlicher Buchung,607,10.552851182197497
Long-Stay Hotel Guests,Complimentary Hotel Meal,Free Hotel Night,Mehr Komfort bei längeren Aufenthalten,Mach deinen nächsten längeren Aufenthalt noch angenehmer – mit einer kostenlosen Hotelmahlzeit.,Nächsten Aufenthalt planen,Erneute Hotelbuchungsrate und gebuchte Übernachtungen,Kosten der Mahlzeit pro zusätzlicher Buchung,558,9.700973574408902
Cancellation-Experienced Travelers,No Cancellation Fees,Exclusive Travel Discount,Flexibilität und Planungssicherheit,Plane deine nächste Reise ganz entspannt: Mit deinem Vorteil kannst du ohne zusätzliche Stornierungsgebühren buchen.,Flexibel buchen,Erneute Buchungsrate,Stornierungsquote und entgangene Gebühren,330,5.737134909596662
Hotel Deal Travelers,Exclusive Hotel Discount,Complimentary Hotel Meal,Gezielter Preisvorteil für Hotelaufenthalte,Dein nächster Aufenthalt wartet: Profitiere von einem exklusiven Rabatt auf deine nächste Hotelbuchung.,Hotelangebot ansehen,Hotelbuchungsrate nach Rabattangebot,Deckungsbeitrag der rabattierten Hotels,330,5.737134909596662
Flight Deal Travelers,Exclusive Flight Discount,Free Checked Bag,Gezielter Preisvorteil für Flugreisen,Bereit für den nächsten Abflug? Sichere dir einen exklusiven Rabatt auf deine nächste Flugbuchung.,Flugangebot ansehen,Flugbuchungsrate nach Rabattangebot,Deckungsbeitrag der rabattierten Flüge,263,4.572322670375521
High-Value Bookers,Loyalty Points Multiplier,Free Hotel Night with Package Booking,Loyalität anerkennen und belohnen,Deine Treue zahlt sich aus: Sammle bei deiner nächsten Buchung zusätzliche Loyalty-Punkte.,Zusatzpunkte sichern,Wiederbuchungsrate und Entwicklung des Kundenwerts,Kosten der vergebenen Zusatzpunkte,208,3.616133518776078
Family & Group Travelers,Family Travel Credit,Complimentary Hotel Meal,Gemeinsam reisen und als Familie sparen,Gemeinsam reisen lohnt sich: Sichere dir ein Reiseguthaben für deine nächste Familien- oder Gruppenreise.,Familienreise entdecken,Buchungsrate von Familien- und Gruppenreisen,Durchschnittliche Perk-Kosten pro Buchung,182,3.164116828929068
